{"cameraMode":{"drawMode":0,"name":"Shaded","section":"Shading Mode"},"sceneLighting":false,"audioPlay":false,"sceneViewState":{"m_AlwaysRefresh":false,"showFog":true,"showSkybox":false,"showFlares":true,"showImageEffects":true,"showParticleSystems":true,"showVisualEffectGraphs":true,"m_FxEnabled":true},"in2DMode":false,"pivot":{"x":-0.7473411560058594,"y":31.04444694519043,"z":186.61952209472657},"rotation":{"x":-0.05670119822025299,"y":0.01167393010109663,"z":0.0007938089547678828,"w":-0.9987437129020691},"size":49.60901641845703,"orthographic":false}