{"cameraMode":{"drawMode":0,"name":"Shaded","section":"Shading Mode"},"sceneLighting":true,"audioPlay":false,"sceneViewState":{"m_AlwaysRefresh":false,"showFog":true,"showSkybox":true,"showFlares":true,"showImageEffects":true,"showParticleSystems":true,"showVisualEffectGraphs":true,"m_FxEnabled":true},"in2DMode":false,"pivot":{"x":-1.6016374826431275,"y":-36.17298126220703,"z":545.0082397460938},"rotation":{"x":0.4582047462463379,"y":0.020589465275406839,"z":-0.009817657060921193,"w":0.8898419141769409},"size":525.7100219726563,"orthographic":false}