{"cameraMode":{"drawMode":0,"name":"Shaded","section":"Shading Mode"},"sceneLighting":false,"audioPlay":false,"sceneViewState":{"m_AlwaysRefresh":false,"showFog":true,"showSkybox":false,"showFlares":true,"showImageEffects":true,"showParticleSystems":true,"showVisualEffectGraphs":true,"m_FxEnabled":true},"in2DMode":false,"pivot":{"x":5.615631103515625,"y":6.796968936920166,"z":-0.2880083918571472},"rotation":{"x":0.15898042917251588,"y":0.19570587575435639,"z":-0.029703840613365175,"w":0.9680537581443787},"size":8.944086074829102,"orthographic":false}