{"cameraMode":{"drawMode":0,"name":"Shaded","section":"Shading Mode"},"sceneLighting":false,"audioPlay":false,"sceneViewState":{"m_AlwaysRefresh":false,"showFog":true,"showSkybox":false,"showFlares":true,"showImageEffects":true,"showParticleSystems":true,"showVisualEffectGraphs":true,"m_FxEnabled":true},"in2DMode":false,"pivot":{"x":-111.71501922607422,"y":54.99481964111328,"z":24.732934951782228},"rotation":{"x":0.12557311356067658,"y":-0.12377280741930008,"z":0.015791483223438264,"w":0.984224796295166},"size":9.419255256652832,"orthographic":false}