{"cameraMode":{"drawMode":0,"name":"Shaded","section":"Shading Mode"},"sceneLighting":false,"audioPlay":false,"sceneViewState":{"m_AlwaysRefresh":false,"showFog":true,"showSkybox":false,"showFlares":true,"showImageEffects":true,"showParticleSystems":true,"showVisualEffectGraphs":true,"m_FxEnabled":true},"in2DMode":false,"pivot":{"x":10.453572273254395,"y":0.2847617566585541,"z":-0.289492130279541},"rotation":{"x":0.15898042917251588,"y":0.19570587575435639,"z":-0.029703840613365175,"w":0.9680537581443787},"size":0.8066876530647278,"orthographic":false}